,,This data is licensed with a CC BY-SA 4.0 license as per DOAJ's Terms and conditions of use,
A change log showing journals withdrawn from DOAJ from 1st February 2024,,,
A journal may be withdrawn from DOAJ for the following reasons:,,,
Journal is no longer Open Access; Inactive (has not published in the last calendar year); Has not published enough articles this calendar year; Ceased publishing; Website URL no longer works; Journal not adhering to Best practice; Changed publisher but hasn't supplied new URLs/site,,,
This document is a change log. It records an event in time and may not reflect the current status of a journal. A journal title may appear on both sheets and more than once.,,,
[Journals withdrawn between March 2014 and January 2024],,,
Journal Title,ISSN,Date Removed (dd/mm/yyyy),Reason
,,,
,,,
,,,
Current Chemistry Letters,1927-730X,20-December-2024,Journal not adhering to best practice
International Journal of Industrial Engineering Computations,1923-2934,20-December-2024,Journal not adhering to best practice
Cardiovascular Medicine,1662-629X,19-December-2024,Ceased publishing
Acta Innovations,2300-5599,18-December-2024,Journal not adhering to best practice
"Journal of Advocacy, Research and Education",2410-4981,18-December-2024,Journal not adhering to best practice
Alphanumeric Journal,2148-2225,17-December-2024,Website URL no longer works
Zeszyty Naukowe Szkoły Głównej Gospodarstwa Wiejskiego w Warszawie. Problemy Rolnictwa Światowego,2544-0659,16-December-2024,Inactive (has not published in the last calendar year)
Estudios del Desarrollo Social: Cuba y América Latina,2308-0132,16-December-2024,Website URL no longer works
Āmūzish va Yādgīrī,2345-6531,16-December-2024,Journal not adhering to best practice
En Letra,2362-2148,16-December-2024,Website URL no longer works
Periferia,1984-9540,16-December-2024,Journal not adhering to best practice
Razón y Palabra,1605-4806,15-December-2024,Journal not adhering to best practice
Artnodes,1695-5951,15-December-2024,Website URL no longer works
International Journal of Curriculum and Instruction,1562-0506,14-December-2024,Website URL no longer works
Jurnal Hukum & Pembangunan,2503-1465,14-December-2024,Website URL no longer works
Revista de Estudios Socioeducativos,2341-3255,13-December-2024,Journal not adhering to best practice
Revista Estilos de Aprendizaje,1988-8996,13-December-2024,Journal not adhering to best practice
Camera Separatoria,2083-6392,10-December-2024,Inactive (has not published in the last calendar year)
"Journal of Civil Engineering, Environment and Architecture",2300-8903,10-December-2024,Inactive (has not published in the last calendar year)
International Econometric Review,1308-8815,10-December-2024,Journal not adhering to best practice
جرنل آف ریلیجیئس سٹڈیز,2663-0206,10-December-2024,Journal not adhering to best practice
Itamar,2386-8260,9-December-2024,Journal not adhering to best practice
Ege Tıp Dergisi,2147-6500,9-December-2024,Journal not adhering to best practice
Campos,1519-5538,8-December-2024,Journal not adhering to best practice
Indonesian Journal of Forestry Research,2406-8195,6-December-2024,Website URL no longer works
Journal of Agriculture and Natural Resources,2661-6289,4-December-2024,Website URL no longer works
"Revista de Investigación, Formación y Desarrollo",1390-9681,4-December-2024,Journal not adhering to best practice
Institute of Eastern Europe and Central Asia,2328-8280,4-December-2024,Journal not adhering to best practice
ENT Updates,2149-6498,3-December-2024,Journal not adhering to best practice
Science and Technology Indonesia,2580-4391,3-December-2024,Journal not adhering to best practice
Bioma ,2549-9890,3-December-2024,Journal not adhering to best practice
Jurnal Ners dan Kebidanan,2548-3811,3-December-2024,Journal not adhering to best practice
Revista Dynamis,1982-4866,2-December-2024,Website URL no longer works
Управління розвитком,2663-2365,2-December-2024,Journal not adhering to best practice
Соціум. Документ. Комунікація,2524-1060,2-December-2024,Journal not adhering to best practice
Interdisciplinary Cultural and Humanities Review,2786-7129,2-December-2024,Journal not adhering to best practice
Товарознавчий вісник,3041-1432,2-December-2024,Journal not adhering to best practice
Ukrainian Journal of Forest and Wood Science,2664-4460,2-December-2024,Journal not adhering to best practice
Зовнішні справи,2663-2683,2-December-2024,Journal not adhering to best practice
Економіка розвитку,2304-6155,2-December-2024,Journal not adhering to best practice
Економіка АПК,2413-2322,2-December-2024,Journal not adhering to best practice
Соціально-правові студії,2617-4170,2-December-2024,Journal not adhering to best practice
Науковий вісник Національної академії внутрішніх справ,2786-7382,2-December-2024,Journal not adhering to best practice
Стратегии бизнеса,2311-7184,1-December-2024,Ceased publishing
Наука и научная информация,2658-3143,1-December-2024,Ceased publishing
Научный вестник Южного института менеджмента,2305-3100,1-December-2024,Changed publisher but hasn't supplied new URLs/site
Issues in Social and Environmental Accounting,2460-6081,30-November-2024,Website URL no longer works
Jurnal Infotel,2460-0997,30-November-2024,Website URL no longer works
Biomedicine & Pharmacotherapy,1950-6007,26-November-2024,Journal not adhering to best practice
Complex Systems Informatics and Modeling Quarterly,2255-9922,27-November-2024,Website URL no longer works
Privredna Kretanja i Ekonomska Politika,1847-7860,25-November-2024,Ceased publishing
The Journal of Altmetrics,2577-5685,22-November-2024,Ceased publishing
Scholarly Assessment Reports,2689-5870,22-November-2024,Ceased publishing
Open Health Data,2054-7102,22-November-2024,Ceased publishing
Materials,1996-1944,22-November-2024,Journal not adhering to best practice
Polymers,2073-4360,22-November-2024,Journal not adhering to best practice
Water,2073-4441,22-November-2024,Journal not adhering to best practice
Revista de la Universidad del Zulia,2665-0428,21-November-2024,Journal not adhering to best practice
"Journal of Nepal Health Research Council
",1999-6217,20-November-2024,Journal not adhering to best practice
New Trends in Qualitative Research,2184-7770,20-November-2024,Journal not adhering to best practice
Carbon Research,2731-6696,20-November-2024,Journal not adhering to best practice
Frontiers in Health Informatics,2676-7104,20-November-2024,Journal not adhering to best practice
Memorabilia: Boletín de Literatura Sapiencial Medieval,1579-7341,18-November-2024,Journal not adhering to best practice
Luz,1814-151X,17-November-2024,Website URL no longer works
Research and Innovation in Language Learning,2615-4137,17-November-2024,Website URL no longer works
Edusol,1729-8091,17-November-2024,Website URL no longer works
Journal of Health and Social Sciences,2499-2240,16-November-2024,Journal not adhering to best practice
Jurnal Mudarrisuna: Media Kajian Pendidikan Agama Islam,2460-0733,13-November-2024,Journal not adhering to best practice
Ankara Üniversitesi Sosyal Bilimler Dergisi,2148-3434,13-November-2024,Website URL no longer works
Entelekya Logico-Metaphysical Review,2602-3466,12-November-2024,Journal not adhering to best practice
Revista de la Secretaría del Tribunal Permanente de Revisión,2307-5163,12-November-2024,Journal not adhering to best practice
Journal of Cutaneous and Aesthetic Surgery,0974-5157,11-November-2024,Deactivated by current publisher
"Машины и установки: проектирование, разработка и эксплуатация",2412-592X,10-November-2024,Journal not adhering to best practice
Przegląd Spawalnictwa,2449-7959,10-November-2024,Website URL no longer works
Yeni Üroloji Dergisi,2687-1955,7-November-2024,Website URL no longer works
Aèrokosmičeskij Naučnyj Žurnal,2413-0982,6-November-2024,Ceased publishing
Nauka i Obrazovanie,1994-0408,5-November-2024,Ceased publishing
Jurnal Lentera,2540-7767,5-November-2024,Journal not adhering to best practice
Klinik Psikoloji Dergisi,2602-4438,5-November-2024,Journal not adhering to best practice
"Sustainability, Agri, Food and Environmental Research",0719-3726,5-November-2024,Ceased
Biota Amazônia,2179-5746,5-November-2024,Website URL no longer works
Mütefekkir,2148-8134,4-November-2024,Journal not adhering to best practice
Revista CS,2665-4814,4-November-2024,Journal not adhering to best practice
Revista Internacional de Principios y Prácticas del Diseño,2641-4406,31-October-2024,Journal not adhering to best practice
Revista de Marketing y Publicidad,2792-405X,31-October-2024,Journal not adhering to best practice
Cuadernos.info,0719-367X,31-October-2024,Journal not adhering to best practice
Tadulako Law Review,2527-2985,30-October-2024,Website URL no longer works
Traduction et Langues,1112-3974,30-October-2024,Journal not adhering to best practice
"Ciencia, Técnica y Mainstreaming Social",2530-7924,30-October-2024,Journal not adhering to best practice
Millah: Journal of Religious Studies,2527-922X,30-October-2024,Journal not adhering to best practice
Etnosia,2548-9747,29-October-2024,Journal not adhering to best practice
Equilibrium. Quarterly Journal of Economics and Economic Policy,2353-3293,28-October-2024,Website URL no longer works
"Proyecto, Progreso, Arquitectura",2173-1616,28-October-2024,Journal not adhering to best practice
Gender Forum - An Internet Journal for Gender Studies,1613-1878,28-October-2024,Website URL no longer works
Revista Criminalidad,2256-5531,28-October-2024,Journal not adhering to best practice
Journal of Human Sport and Exercise,1988-5202,28-October-2024,Journal not adhering to best practice
International Journal of Molecular Sciences,1422-0067,23-October-2024,Journal not adhering to best practice
Indonesian Community Journal,2809-2031,23-October-2024,Journal not adhering to best practice
Sawala: Jurnal Administrasi Negara,2598-4039,23-October-2024,Journal not adhering to best practice
Waste Technology ,2338-6207,23-October-2024,Journal not adhering to best practice
Journal of Composites Science,2504-477X,21-October-2024,Journal not adhering to best practice
Healthcare,2227-9032,21-October-2024,Journal not adhering to best practice
Environments,2076-3298,21-October-2024,Journal not adhering to best practice
Climate,2225-1154,21-October-2024,Journal not adhering to best practice
Forests,1999-4907,21-October-2024,Journal not adhering to best practice
Nutrients,2072-6643,21-October-2024,Journal not adhering to best practice
Minerals,2075-163X,21-October-2024,Journal not adhering to best practice
Catalysts,2073-4344,21-October-2024,Journal not adhering to best practice
Современные технологии управления,2226-9339,17-October-2024,Journal not adhering to best practice
International Cardiovascular Forum Journal ,2409-3424,16-October-2024,Journal not adhering to best practice
Literatura e Autoritarismo,1679-849X,15-October-2024,Journal not adhering to best practice
Cuizine : the Journal of Canadian Food Cultures,1918-5480,12-October-2024,Website URL no longer works
Jurnal Endurance,2477-6521,12-October-2024,Website URL no longer works
Tushuguanxue yu Zixun Kexue,2224-1574,12-October-2024,Ceased publishing
Dinamika Penelitian: Media Komunikasi Penelitian Sosial Keagamaan,1412-2669,11-October-2024,Website URL no longer works
La Ciencia al Servicio de la Salud y Nutrición,1390-874X,11-October-2024,Journal not adhering to best practice
Anuário Antropológico,0102-4302,11-October-2024,Journal not adhering to best practice
Revista de Iniciação Científica e Extensão,2595-4261,10-October-2024,Journal not adhering to best practice
Southwest Journal of Pulmonary and Critical Care,2160-6773,10-October-2024,Journal not adhering to best practice
Educational Challenges,2709-7986,8-October-2024,Journal not adhering to best practice
IJEMS (Indonesian Journal of Environmental Management and Sustainability),2598-6279,7-October-2024,Journal not adhering to best practice
African Journal of Biological Sciences,2663-2187,4-October-2024,Journal not adhering to best practice
International Review,2560-3353,3-October-2024,Journal not adhering to best practice
International Education Trend Issue,2963-0878,3-October-2024,Journal not adhering to best practice
"International Journal of Business, Law, and Education",2747-139X,3-October-2024,Journal not adhering to best practice
European Journal of Privacy Law & Technologies,2704-8012,2-October-2024,Journal not adhering to best practice
World Nutrition Journal,2580-7013,2-October-2024,Journal not adhering to best practice
G-Tech,2623-064X,2-October-2024,Journal not adhering to Best practice
Indonesian Journal of Educational Development,2722-3671,1-October-2024,Journal not adhering to Best practice
Archive: Jurnal Pengabdian Kepada Masyarakat,2809-7246,1-October-2024,Website URL no longer works
Jurnal Evaluasi Pendidikan,2086-7425,2-October-2024,Journal not adhering to Best practice
Issues in Language Studies ,2180-2726,1-October-2024,Journal not adhering to Best practice
Diversitates,1984-5073,30-September-2024,Ceased publishing
مدیریت منابع انسانی در ورزش,2383-1502,28-September-2024,Journal not adhering to Best practice
Diagnostic Pathology,2364-4893,28-September-2024,Ceased publishing
Advances in Mathematical Finance and Applications,2645-4610,28-September-2024,Journal not adhering to Best practice
Romantik,2246-2945,28-September-2024,Ceased publishing
Педагогическая перспектива,2782-2559,27-September-2024,Journal not adhering to Best practice
Сибирские исследования,2658-7181,26-September-2024,Ceased publishing
ConCiencia EPG,2517-9896,26-September-2024,Journal not adhering to Best practice
Kalpana,1390-5775,26-September-2024,Journal not adhering to Best practice
Diritto Penale Contemporaneo,2039-1676,25-September-2024,Ceased publishing
Figure,2283-9348,25-September-2024,Ceased publishing
Advances in Technology Innovation,2518-2994,25-September-2024,Journal not adhering to Best practice
International Journal of Engineering and Technology Innovation,2226-809X,25-September-2024,Journal not adhering to Best practice
Proceedings of Engineering and Technology Innovation,2518-833X,25-September-2024,Journal not adhering to Best practice
Journal of Contemporary Clinical Practice,2457-7200,25-September-2024,Inactive (has not published in the last calendar year)
Revista Estomatologâia,2248-7220,25-September-2024,Journal not adhering to Best practice
ConCienciaSocial,2591-5339,25-September-2024,Journal not adhering to Best practice
Giornale di Storia,2036-4938,23-September-2024,Journal not adhering to Best practice
BRaS Blog,2701-4924,23-September-2024,Ceased publishing
Journal of Pedagogical Sociology and Psychology ,2687-3788,23-September-2024,Journal not adhering to Best practice
Taiwan Journal of Linguistics ,1994-2559,23-September-2024,Journal not adhering to Best practice
Diritto Penale e Uomo,2704-6516,22-September-2024,"Journal not adhering to Best practice, Inactive"
OncoTargets and Therapy,1178-6930,20-September-2024,Journal not adhering to Best practice
Journal of Advanced Veterinary Research,2090-6277,20-September-2024,Journal not adhering to Best practice
Jounal of Negative and No Positive Results,2529-850X,20-September-2024,Journal not adhering to Best practice
Revista Madrileña de Salud Pública,2659-9716,20-September-2024,Website URL no longer works
Millennium DIPr,2444-3220,20-September-2024,Journal not adhering to Best practice
Arqueología Iberoamericana,1989-4104,20-September-2024,Journal not adhering to Best practice
ZooNotes,1313-9916,20-September-2024,Journal not adhering to Best practice
"Journal of Nepal Medical Association
",1815-672X,19-September-2024,Journal not adhering to Best practice
Journal not adhering to Best practice,2444-3220,19-September-2024,Journal not adhering to Best practice
Annali di Botanica,0365-0812,19-September-2024,Journal not adhering to Best practice
Global Business and Finance Review ,2384-1648,19-September-2024,Journal not adhering to Best practice
Educenter,2827-7988,18-September-2024,Journal not adhering to Best practice
Jurnal Kejuruteraan,2289-7526,18-September-2024,Journal not adhering to Best practice
Гепатология и гастроэнтерология,2616-5546,17-September-2024,Journal not adhering to Best practice
Journal of Multidisciplinary Applied Natural Science,2774-3047,17-September-2024,Journal not adhering to Best practice
U Karst,2581-0855,17-September-2024,Journal not adhering to Best practice
Agro Bali: Agricultural Journal,2655-853X,17-September-2024,Journal not adhering to Best practice
Journal of Culture and Values in Education,2590-342X,17-September-2024,Journal not adhering to Best practice
Journal of Curriculum Studies Research,2690-2788,17-September-2024,Journal not adhering to Best practice
Research in Educational Policy and Management,2691-0667,17-September-2024,Journal not adhering to Best practice
Research in Social Sciences and Technology,2468-6891,17-September-2024,Journal not adhering to Best practice
Traektoriâ Nauki,2413-9009,13-September-2024,Journal not adhering to Best practice
UPGTO,2007-977X,13-September-2024,Journal not adhering to Best practice
Entorno,2071-8748,13-September-2024,Journal not adhering to Best practice
Genes,2073-4425,12-September-2024,Journal not adhering to Best practice
Revista Conrado,1990-8644,12-September-2024,Journal not adhering to Best practice
Gláuks Online ,2318-7131,11-September-2024,Website URL no longer works
Bioscience Reports ,1573-4935,9-September-2024,Journal not adhering to Best practice
Saudi Journal of Biological Sciences,1319-562X,8-September-2024,Ceased publishing
Cancers,2072-6694,6-September-2024,Journal not adhering to Best practice
Journal of Clinical Medicine,2077-0383,6-September-2024,Journal not adhering to Best practice
Food Science & Nutrition,2048-7177,6-September-2024,Journal not adhering to Best practice
Iranian Journal of Catalysis ,2252-0236,6-September-2024,Journal not adhering to Best practice
Estudios Artísticos,2500-9311,6-September-2024,Journal not adhering to Best practice
Sovremennoe Stroitelʹstvo i Arhitektura,2411-3581,5-September-2024,Journal not adhering to Best practice
Avtomatizaciâ i Upravlenie v Tehničeskih Sistemah,2306-1561,5-September-2024,Ceased publishing
Revista Inclusiones,0719-4706,4-September-2024,Journal not adhering to Best practice
El Jardín de los Poetas,2469-2131,3-September-2024,Journal not adhering to Best practice
Revista Derechos en Acción,2525-1686,3-September-2024,Journal not adhering to Best practice
"Brand Research in Accounting, Negociation and Distribution",2067-8177,3-September-2024,Journal not adhering to Best practice
Brain: Broad Research in Artificial Intelligence and Neuroscience,2067-3957,3-September-2024,Journal not adhering to Best practice
Sensors & Transducers,2306-8515,3-September-2024,Journal not adhering to Best practice
Παρεκβολαί,2241-0228,2-September-2024,Journal not adhering to Best practice
Politeia,2566-2805,2-September-2024,Inactive
Current Trends in Natural Sciences,2284-953X,2-September-2024,Journal not adhering to Best practice
Balneo Research Journal,2069-7619,2-September-2024,Journal not adhering to Best practice
Evropejskij Issledovatelʹ,2219-8229,1-September-2024,Journal not adhering to Best practice
Revista Litteris,1983-7429,1-September-2024,Website URL no longer works
Jurnal Keamanan Nasional,2579-7727,1-September-2024,Journal not adhering to Best practice
European Cooperation,2449-7320,30-August-2024,Inactive
Ecologica Montenegrina,2336-9744,30-August-2024,Website URL no longer works
"Akademos: Revista de Ştiinţă, Inovare, Cultură şi Artă",1857-0461,30-August-2024,Journal not adhering to Best practice
Interdisciplinary Description of Complex Systems,1334-4676,29-August-2024,Journal not adhering to Best practice
Journal of Cellular and Molecular Anesthesia,2476-5120,29-August-2024,Journal not adhering to Best practice
روانشناسی زن,2783-333X,29-August-2024,Journal not adhering to Best practice
سنجش و پژوهش در مشاوره کاربردی,2821-2738,29-August-2024,Journal not adhering to Best practice
مطالعات روانشناختی نوجوان و جوان,2821-2525,29-August-2024,Journal not adhering to Best practice
Geoscience Frontiers,2588-9192,28-August-2024,Journal not adhering to Best practice
Majallah-i ̒Ilmī-i Dānishgāh-i ̒Ulūm-i Pizishkī-i Simnān,1608-7046,28-August-2024,Journal not adhering to Best practice
"Engineering, Technology & Applied Science Research",1792-8036,27-August-2024,Journal not adhering to Best practice
International Journal of Business & Economic Development,2051-8498,27-August-2024,Journal not adhering to Best practice
სამართალი და მსოფლიო,2587-5043,26-August-2024,Journal not adhering to Best practice
Revista de Administração da UFSM,1983-4659,25-August-2024,Journal not adhering to Best practice
Revista Geotemas,2236-255X,25-August-2024,Journal not adhering to Best practice
Can Tho University Journal of Science,2815-5602,23-August-2024,Journal not adhering to Best practice
Small Animal Advances,2821-2363,22-August-2024,Journal not adhering to Best practice
Journal Evaluation in Education,2716-1595,22-August-2024,Journal not adhering to Best practice
Integrated Science Education Journal,2716-1609,22-August-2024,Journal not adhering to Best practice
Schrödinger,2716-1587,22-August-2024,Journal not adhering to Best practice
Судебная Медицина,2411-8729,21-August-2024,Journal is no longer Open Access
International Journal of Motor Control and Learning,2676-3451,21-August-2024,Website URL no longer works
Journal of Education Culture and Society,2081-1640,21-August-2024,Journal not adhering to Best practice
iRASD Journal of Computer Science and Information Technology,2791-0628,19-August-2024,Inactive (has not published after 2021)
International Journal of Social Sciences and Economic Review,2706-9346,19-August-2024,Journal not adhering to Best practice
Journal of Personalized Medicine,2075-4426,14-August-2024,Journal not adhering to Best practice
Visión Electrónica,2248-4728,14-August-2024,Journal not adhering to Best practice
Karib,2387-6743,13-August-2024,Ceased publishing
South Eastern European Journal of Public Health,2197-5248,13-August-2024,Journal not adhering to Best practice
Metallurgical & Materials Engineering,2812-9105,13-August-2024,Journal not adhering to Best practice
Journal of International Crisis and Risk Communication Research,2576-0025,13-August-2024,Journal not adhering to Best practice
Green and Low-Carbon Economy,2972-3787,12-August-2024,Journal not adhering to Best practice
Eduslamic,2988-6686,12-August-2024,Journal not adhering to Best practice
Desenvolvimento em Questão,1678-4855,11-August-2024,Journal not adhering to Best practice
Revista Brasileira de Engenharia de Biossistemas,1981-7061,11-August-2024,Journal not adhering to Best practice
Revista Macambira,2594-4754,11-August-2024,Journal not adhering to Best practice
Advances in the Theory of Nonlinear Analysis and its Applications,2587-2648,8-August-2024,Website URL no longer works
Uluslararası Sosyal Bilimler Dergisi,2564-6486,8-August-2024,Website URL no longer works
Tavukçuluk Araştırma Dergisi,1302-3209,8-August-2024,Website URL no longer works
Erken Çocukluk Çalışmaları Dergisi,2564-7601,8-August-2024,Website URL no longer works
Eksyar: Jurnal Ekonomi Syari'ah dan Bisnis Islam,2407-3709,7-August-2024,Website URL no longer works
International Investment Law Journal,2734-8830,5-August-2024,Journal not adhering to Best practice
Journal of the Medical Sciences,2356-3931,29-July-2024,Journal not adhering to Best practice
Adilla,2620-9535,29-July-2024,Journal not adhering to Best practice
Sasdaya: Gadjah Mada Journal of Humanities,2549-3884,29-July-2024,Journal not adhering to Best practice
EntreLetras,2179-3948,28-July-2024,Journal not adhering to Best practice
School Education Journal PGSD FIP Unimed,2407-4926,27-July-2024,Journal not adhering to Best practice
Bio-Inoved: Jurnal Biologi-Inovasi Pendidikan,2714-9803,27-July-2024,Journal not adhering to Best practice
RISTI,1646-9895,26-July-2024,Journal not adhering to Best practice
"Journal of Human Rights, Culture and Legal System",2807-2812,22-July-2024,Journal not adhering to Best practice
Kaypunku,2410-1923,20-July-2024,Journal not adhering to Best practice
مجلة الميادين الاقتصادية ,2716-8565,19-July-2024,Website URL no longer works
Transdigital,2683-328X,19-July-2024,Journal not adhering to Best practice
Revista Faccea,2539-4703,18-July-2024,Journal not adhering to Best practice
Telematika,2442-4528,17-July-2024,Journal not adhering to Best practice
Revista Mosaicum,1980-4180,17-July-2024,Website URL no longer works
Media Ekonomi,2442-9686,16-July-2024,Website URL no longer works
Indonesian Journal of Sustainability Accounting and Management ,2597-6222,16-July-2024,Website URL no longer works
Sleep Disorders,2090-3553,15-July-2024,Ceased publishing
Vidyottama Sanatana: International Journal of Hindu Science and Religious Studies,2550-0651,15-July-2024,Website URL no longer works
Psychiatry Journal ,2314-4335,15-July-2024,Ceased publishing
BCES Conference Books,2534-8426,15-July-2024,Website URL no longer works
Journal of Sports Medicine,2314-6176,15-July-2024,Ceased publishing
Journal of Addiction,2090-7850,15-July-2024,Ceased publishing
International Journal of Otolaryngology,1687-921X,15-July-2024,Ceased publishing
International Journal of Chronic Diseases,2314-5749,15-July-2024,Ceased publishing
Education Research International,2090-4010,15-July-2024,Ceased publishing
Autism Research and Treatment,2090-1933,15-July-2024,Ceased publishing
Advances in Preventive Medicine,2090-3499,15-July-2024,Ceased publishing
Jurnal Akuntansi dan Bisnis,2580-5444,13-July-2024,Journal not adhering to Best practice
 IJEIS (Indonesian Journal of Electronics and Instrumentation Systems) ,2460-7681,11-July-2024,Journal not adhering to Best practice
Studies in the Maternal,1759-0434,11-July-2024,Inactive (has not published in the last calendar year)
Iberoamerican Journal of Project Management,2346-9161,9-July-2024,Website URL no longer works
Jurnal Kajian Ruang Sosial-Budaya,2597-7326,9-July-2024,Ceased publishing
Pakistan Administrative Review,2521-0203,7-July-2024,Website URL no longer works
Harvard Deusto Business Research,2254-6235,5-July-2024,Website URL no longer works
Jurnal Lisania,2580-1716,2-July-2024,Website URL no longer works
Kesmas: Jurnal Kesehatan Masyarakat Nasional,2460-0601,2-July-2024,Journal not adhering to Best practice
The Nucleus,2306-6539,2-July-2024,Journal not adhering to Best practice
Strategic Public Management Journal,2149-9543,2-July-2024,Journal not adhering to Best practice
مجلة البشائر الاقتصادية,2600-6391,1-July-2024,Ceased publishing
"CEM: Cultura, Espaço & Memória",2182-1097,29-June-2024,Journal not adhering to Best practice
Estima,2595-7007,29-June-2024,Journal not adhering to Best practice
Revista Psicologia e Saúde,2177-093X,29-June-2024,Journal not adhering to Best practice
"Archivos de Criminología, Seguridad Privada y Criminalística",2007-2023,28-June-2024,Website URL no longer works
Rossijskij Vestnik Perinatologii i Pediatrii,2500-2228,28-June-2024,Journal is no longer Open Access
مجلة بحوث الادارة والاقتصاد,2676-184X,27-June-2024,Journal not adhering to Best practice
آفاق للعلوم,2507-7228,27-June-2024,Journal not adhering to Best practice
Lúmina,2619-6174,27-June-2024,Website URL no longer works
Jurnal Kependidikan,2598-4845,25-June-2024,Journal not adhering to Best practice
International Journal of Applied Biology,2580-2119,25-June-2024,Journal not adhering to Best practice
Grand Journal of Urology,2757-7163,25-June-2024,Journal not adhering to Best practice
Human Figurations: Long-term Perspectives on the Human Condition,2166-6644,24-June-2024,Ceased publishing
JIM - Jornal de Investigação Médica,2184-7509,24-June-2024,Journal not adhering to Best practice
J2,2184-3082,24-June-2024,Journal not adhering to Best practice
Herança,2184-3090,24-June-2024,Journal not adhering to Best practice
E3,2183-380X,24-June-2024,Journal not adhering to Best practice
Вестник московского государственного областного университета. Серия: Физика-математика,2310-7251,23-June-2024,Website URL no longer works
Вестник Московского государственного областного университета. Серия: Психологические науки,2310-7235,23-June-2024,Website URL no longer works
Вестник Московского государственного областного университета. Серия: Философские науки,2310-7227,23-June-2024,Website URL no longer works
Вестник Московского государственного областного университета: Серия: Русская филология,2310-7278,23-June-2024,Website URL no longer works
Географическая среда и живые системы,2712-7621,23-June-2024,Website URL no longer works
Вестник Московского государственного областного университета: Серия: Естественные науки,2310-7189,23-June-2024,Website URL no longer works
Avances,1562-3297,23-June-2024,Website URL no longer works
Advances in Scientific and Applied Accounting,1983-8611,23-June-2024,Website URL no longer works
Macrolinguistics,1934-5755,23-June-2024,Website URL no longer works
Türkiye Din Eğitimi Araştırmaları,2636-7807,19-June-2024,Journal not adhering to Best practice
" Journal of the Turkish Chemical Society, Section A: Chemistry",2149-0120,19-June-2024,Journal not adhering to Best practice
International Journal of Professional Business Review,2525-3654,18-June-2024,Journal not adhering to Best practice
Webology,1735-188X,17-June-2024,Journal not adhering to Best practice
مجله شهرسازی و مهندسی,2709-4650,17-June-2024,Inactive (has not published in the last calendar year)
BJ Kines: National Journal of Basic & Applied Sciences,2395-7859,11-June-2024,Journal not adhering to Best practice
Revista Brasileira de Atividade Física e Saúde,1413-3482,8-June-2024,Journal not adhering to Best practice
Социология власти,2074-0492,7-June-2024,Website URL no longer works
Acta Veterinaria Brasilica,1981-5484,7-June-2024,Journal not adhering to Best practice
Investigación Administrativa,2448-7678,4-June-2024,Journal not adhering to Best practice
Türk Turizm Araştırmaları Dergisi,2587-0890,4-June-2024,Journal not adhering to Best practice
Pesquisa Veterinária Brasileira ,1678-5150,3-June-2024,Journal not adhering to Best practice
Persona ,2615-5168,2-June-2024,Journal not adhering to Best practice
J-TIT (Jurnal Teknologi Informasi dan Terapan),2580-2291,2-June-2024,Journal not adhering to Best practice
Journal of Current Biomedical Reports,2717-1906,30-May-2024,Journal not adhering to Best practice
Management and Economics Research Journal,2469-4339,29-May-2024,Journal not adhering to Best practice
Wissen schafft Demokratie,2512-9716,28-May-2024,Website URL no longer works
Ingeniería al Día,2389-7309,28-May-2024,Website URL no longer works
Revista de la Facultad de Ingeniería,0124-7492,28-May-2024,Ceased publishing
Journal of Epileptology,2300-0147,28-May-2024,Website URL no longer works
Australasian Journal of Neuroscience,2208-6781,28-May-2024,Website URL no longer works
International Journal of Orientation & Mobility,1836-0254,28-May-2024,Website URL no longer works
Journal of management sciences,2313-0113,28-May-2024,Journal not adhering to Best practice
The Scottish Journal of Performance,2054-1961,28-May-2024,Website URL no longer works
Cultura Científica,1657-463X,27-May-2024,Ceased publishing
Urología Colombiana,2027-0119,27-May-2024,Ceased publishing
Aporte Santiaguino,2070-836X,27-May-2024,Journal not adhering to Best practice
Revista (Con)textos Linguísticos,1982-291X,27-May-2024,Journal not adhering to Best practice
Bionatura,1390-9347,27-May-2024,Journal not adhering to Best practice
Revista Brasileira de Sociologia,2318-0544,26-May-2024,Website URL no longer works
Educação Matemática em Revista,2317-904X,26-May-2024,Website URL no longer works
Revista Brasileira de Gastronomia,2595-5373,26-May-2024,Website URL no longer works
Revista Com Censo,2359-2494,26-May-2024,Website URL no longer works
Journal of Bioresources and Environmental Sciences,2829-7741,26-May-2024,Journal not adhering to Best practice
Toloo-e-behdasht,2538-1598,24-May-2024,Journal not adhering to Best practice
Tobacco Prevention and Cessation,2459-3087,24-May-2024,Journal not adhering to Best practice
European Journal of Midwifery,2585-2906,24-May-2024,Journal not adhering to Best practice
Pneumon,1791-4914,24-May-2024,Journal not adhering to Best practice
Journal of Dinamika Hukum,2407-6562,24-May-2024,Journal not adhering to Best practice
JISI UMJ: Jurnal Integrasi Sistem Industri,2550-083X,24-May-2024,Journal not adhering to Best practice
Revista Brasileira do Ensino Médio,2595-816X,23-May-2024,Ceased publishing
"Direito, Estado e Sociedade",1982-0879,23-May-2024,Ceased publishing
Perspectivas Online : Exatas e Engenharias,2236-885X,23-May-2024,Website URL no longer works
"InSitu: Revista Científica do Programa de Mestrado Profissional em Projeto, Produção e Gestão do Espaço Urbano",2446-9696,23-May-2024,Ceased publishing
Revista de Letras,0101-8051,23-May-2024,Journal not adhering to Best practice
Revista Chilena de Estudios Medievales,0719-689X,23-May-2024,Website URL no longer works
Revista Nordestina de História do Brasil,2596-0334,23-May-2024,Website URL no longer works
Revista Territorio y Regionalismos,2452-5650,23-May-2024,Journal not adhering to Best practice
Revista Pilquen: Sección Ciencias Sociales,1851-3123,23-May-2024,Journal not adhering to Best practice
Revista de Micro e Pequenas Empresas e Empreendedorismo da Fatec-Osasco,2446-8622,22-May-2024,Website URL no longer works
Atas de Saúde Ambiental,2357-7614,22-May-2024,Ceased publishing
Revista de Direitos e Garantias Fundamentais,2175-6058,22-May-2024,Website URL no longer works
Flora Infeksiyon Hastalıkları ve Klinik Mikrobiyoloji Dergisi,2602-2842,22-May-2024,Journal not adhering to Best practice
Spor Hekimligi Dergisi,2587-1498,22-May-2024,Journal not adhering to Best practice
Mediterranean Marine Science,1791-6763,22-May-2024,Website URL no longer works
Alcance,2411-9970,22-May-2024,Website URL no longer works
Revista del Jardín Botánico Nacional,2410-5546,22-May-2024,Website URL no longer works
MHSalud,1659-097X,22-May-2024,Website URL no longer works
Uluslararası Politik Araştırmalar Dergisi,2149-8539,22-May-2024,Website URL no longer works
Il Pensiero Storico,2531-3983,21-May-2024,Journal is no longer Open Access
Jurnal Ilmiah Agribisnis,2503-4375,20-May-2024,Journal not adhering to Best practice
Journal of International and Global Studies ,2158-0669,20-May-2024,Ceased publishing
Profesi (Profesional Islam): Media Publikasi Penelitian,2548-9933,19-May-2024,Journal not adhering to Best practice
Jurnal Komunikasi,2528-2727,19-May-2024,Journal not adhering to Best practice
Healthy-Mu Journal,2597-3851,19-May-2024,Journal not adhering to Best practice
Journal of Government and Civil Society,2579-440X,19-May-2024,Journal not adhering to Best practice
Mathunesa: Jurnal Ilmiah Matematika,2716-506X,19-May-2024,Journal not adhering to Best practice
Jurnal Pengabdian Dharma Laksana,2621-7147,19-May-2024,Journal not adhering to Best practice
JENIUS (Jurnal Ilmiah Manajemen Sumber Daya Manusia),2598-9502,19-May-2024,Journal not adhering to Best practice
Efektif,2622-9935 ,19-May-2024,Journal not adhering to Best practice
Journal of Applied Computing and Information Technology,2230-4398,17-May-2024,Website URL no longer works
Journal of Maize Research and Development,2467-9305,17-May-2024,Website URL no longer works
Journal of Orthopaedics and Spine,2666-7150,17-May-2024,Website URL no longer works
Indian Journal of Medical Research,0971-5916,17-May-2024,Website URL no longer works
Psikiyatri Hemşireliği Dergisi,2149-374X,14-May-2024,Website URL no longer works
Tropical Conservation Science,1940-0829,14-May-2024,Journal is no longer Open Access
International Journal of Tryptophan Research,1178-6469,14-May-2024,Journal is no longer Open Access
Journal of the Renin-Angiotensin-Aldosterone System ,1752-8976,14-May-2024,Journal is no longer Open Access
Revista de Estudos e Investigações Antropológicas,2446-6972,13-May-2024,Journal not adhering to Best practice
Iqtishadia: Jurnal Ekonomi & Perbankan Syariah,2442-3076,11-May-2024,Journal not adhering to Best practice
Kiru,1812-7886,10-May-2024,Journal not adhering to Best practice
Escripturas,2526-6543,10-May-2024,Journal not adhering to Best practice
Estudos Econômicos,0101-4161,10-May-2024,Journal not adhering to Best practice
IJEBP (International Journal of Educational Best Practices),2581-0847,10-May-2024,Journal not adhering to Best practice
Jurnal Gizi dan Pangan,2407-0920,10-May-2024,Journal not adhering to Best practice
Experimental Physiology,1469-445X,10-May-2024,Journal not adhering to Best practice
Revista Brasileira de Iniciação Científica,2359-232X,9-May-2024,Journal not adhering to Best practice
Journal of Dental Research and Review,2348-3172,9-May-2024,Website URL no longer works
Journal of Dental and Allied Sciences,2277-6672,9-May-2024,Website URL no longer works
International Journal of Educational and Psychological Researches,2395-2296,9-May-2024,Website URL no longer works
Indian Journal of Research in Homoeopathy,2320-7094,9-May-2024,Website URL no longer works
Indian Journal of Nephrology,1998-3662,9-May-2024,Website URL no longer works
Indian Journal of Drugs in Dermatology ,2455-3972,9-May-2024,Website URL no longer works
Hamdan Medical Journal,2227-247X,9-May-2024,Website URL no longer works
Optimum Ekonomi ve Yönetim Bilimleri Dergisi,2148-4228,9-May-2024,Website URL no longer works
Uluslararası Iktisadi ve Idari Incelemeler Dergisi,1307-9859,9-May-2024,Website URL no longer works
Journal of Science and Engineering,2148-3736,9-May-2024,Website URL no longer works
Süleyman Demirel Üniversitesi Eğirdir Su Ürünleri Fakültesi Dergisi,1308-7517,9-May-2024,Website URL no longer works
Intellector,1807-1260,9-May-2024,Journal not adhering to Best practice
International Journal of Advanced and Applied Sciences,2313-3724,8-May-2024,Journal not adhering to Best practice
Annals of Electrical and Electronic Engineering ,2616-9061,8-May-2024,Ceased publishing
Jurnal Kimia (Journal of Chemistry),2599-2740,7-May-2024,Journal not adhering to Best practice
Revista de Gestão em Sistemas de Saúde,2316-3712,7-May-2024,Ceased publishing
REMark: Revista Brasileira de Marketing,2177-5184,7-May-2024,Journal not adhering to Best practice
Ilef Dergisi,2458-9209,7-May-2024,Journal not adhering to Best practice
Selçuk Üniversitesi Edebiyat Fakültesi Dergisi,2458-908X,7-May-2024,Journal not adhering to Best practice
Revista de la Escuela Superior de Guerra Naval,2706-5928,7-May-2024,Website URL no longer works
Neumann Business Review ,2412-3730,7-May-2024,Website URL no longer works
Cub@: Medio Ambiente y Desarrollo,1683-8904,7-May-2024,Website URL no longer works
JALIE: Journal of Applied Linguistics and Islamic Education,2549-8622,7-May-2024,Website URL no longer works
Edukasia Islamika: Jurnal Pendidikan Islam,2548-5822,7-May-2024,Website URL no longer works
Sainstek: Jurnal Sains dan Teknologi,2085-8019,7-May-2024,Website URL no longer works
Al-Fikrah: Jurnal Manajemen Pendidikan,2549-9106,7-May-2024,Website URL no longer works
Jurnal IPI,2621-4873,7-May-2024,Website URL no longer works
Religia,2527-5992,7-May-2024,Website URL no longer works
Journal of Islamic Economics and Finance,2797-6432,7-May-2024,Website URL no longer works
MALTESAS Multi-Disciplinary Research Journal,0127-6271,7-May-2024,Website URL no longer works
Journal of Asian Review of Public Affairs and Policy,2539-6080,7-May-2024,Website URL no longer works
Islamika Inside: Jurnal Keislaman dan Humaniora,2580-8885,7-May-2024,Website URL no longer works
Zhongguo Yancao Xuebao,1004-5708,7-May-2024,Website URL no longer works
Revista de Gestão e Projetos,2236-0972,6-May-2024,Journal not adhering to Best practice
Podium,2316-932X,6-May-2024,Journal not adhering to Best practice
Revista Thesis Juris,2317-3580,5-May-2024,Journal not adhering to Best practice
Exacta,1678-5428,5-May-2024,Journal not adhering to Best practice
ConScientiae Saúde,1677-1028,5-May-2024,Journal not adhering to Best practice
Revista Observatório,2447-4266,5-May-2024,Journal not adhering to Best practice
EccoS Revista Científica ,1517-1949,5-May-2024,Journal not adhering to Best practice
Boletim do Instituto de Pesca ,1678-2305,5-May-2024,Journal not adhering to Best practice
Perspectivas da Ciência e Tecnologia,1984-5693,3-May-2024,Journal not adhering to Best practice
Geopauta,2594-5033,2-May-2024,Journal not adhering to Best practice
Futurity Education,2956-3402,2-May-2024,Journal not adhering to Best practice
UTC Prospectivas: Revista de Ciencias Administrativas y Económicas,2631-259X,2-May-2024,Website URL no longer works
Revista Virtual de Posgrado de la Facultad de Medicina de la Universidad Nacional de Itapua ,2415-5780,2-May-2024,Website URL no longer works
Revista Universitaria de la Educación Física y el Deporte ,2393-6444,2-May-2024,Website URL no longer works
Revista CENIC. Ciencias Biológicas ,2221-2450,2-May-2024,Website URL no longer works
Anadolu Tarım Bilimleri Dergisi,1308-8769,1-May-2024,Website URL no longer works
Mustafa Kemal Üniversitesi Tıp Dergisi,2149-3103,1-May-2024,Website URL no longer works
Turkish Journal of Forest Science,2618-6616,1-May-2024,Website URL no longer works
Journal of Social Studies Education Research,1309-9108,1-May-2024,Journal not adhering to Best practice
Journal of Analytic Divinity,2602-3792,1-May-2024,Website URL no longer works
International Journal of Environment and Geoinformatics,2148-9173,1-May-2024,Website URL no longer works
International Journal of Pediatrics,2345-5055,29-April-2024,Journal not adhering to Best practice
Радиопромышленность,2541-870X,29-April-2024,Ceased publishing
Gaziantep University Journal of Social Sciences,2149-5459,29-April-2024,Website URL no longer works
Mantik: Jurnal Matematika,2527-3167,27-April-2024,Journal not adhering to Best practice
Juris (Jurnal Ilmiah Syariah) ,2580-2763,27-April-2024,Journal not adhering to Best practice
Al-Bank ,2797-8265,27-April-2024,Journal not adhering to Best practice
International Journal of Emerging Issues in Early Childhood Education,2655-9986,26-April-2024,Website URL no longer works
International Journal of Theory and Application in Elementary and Secondary School Education,2656-0003,26-April-2024,Website URL no longer works
Eurasian Journal of Family Medicine,2147-3161,26-April-2024,Journal not adhering to Best practice
REVISA,2316-848X,25-April-2024,Website URL no longer works
Brazilian Journal of African Studies,2448-3915,25-April-2024,Journal not adhering to Best practice
Revista Limiar,2318-423X,25-April-2024,Journal not adhering to Best practice
Praxis & Saber,2462-8603,25-April-2024,Website URL no longer works
La Palabra,2346-3864,25-April-2024,Website URL no longer works
Vascular and Endovascular Review,2516-3302,25-April-2024,Journal not adhering to Best practice
Eurasian Journal of Environmental Research,2602-2990,24-April-2024,Ceased publishing
Eurasian Journal of Civil Engineering and Architecture,2602-3865,24-April-2024,Ceased publishing
Erciyes Üniversitesi İktisadi ve İdari Bilimler Fakültesi Dergisi,2630-6409,24-April-2024,Website URL no longer works
Çukurova Üniversitesi İktisadi ve İdari Bilimler Fakültesi Dergisi,1300-3747,24-April-2024,Website URL no longer works
Ankara Üniversitesi Eğitim Bilimleri Fakültesi Dergisi,2458-8342,24-April-2024,Website URL no longer works
Anadolu University Journal of Science and Technology: B Theoretical Sciences,2146-0191,24-April-2024,Website URL no longer works
 SDU International Journal of Education Studies,2148-9068,24-April-2024,Journal not adhering to Best practice
"Revista Educação, Cultura e Sociedade", 2237-1648,18-April-2024,Website URL no longer works
Arquivos do CMD,2318-5422,18-April-2024,Website URL no longer works
Revista @mbienteeducação,1982-8632,18-April-2024,Website URL no longer works
Veredas da História ,1982-4238,18-April-2024,Website URL no longer works
Ciberlegenda,1519-0617,18-April-2024,Website URL no longer works
Boletim de Ciências Geodésicas ,1413-4853,18-April-2024,Website URL no longer works
Revista Educação e Emancipação,1677-6097,18-April-2024,Website URL no longer works
Argumentum,2176-9575,18-April-2024,Website URL no longer works
Revista Confluências Culturais,2316-395X,18-April-2024,Journal not adhering to Best practice
Journal of the South African Veterinary Association,2224-9435,18-April-2024,Journal is no longer Open Access
"Journal of Education, Mahasarakham University",1905-9922,17-April-2024,Website URL no longer works
Memorias,1794-8886,17-April-2024,Website URL no longer works
Jurnal Penelitian	,2541-6944,17-April-2024,Journal not adhering to Best practice
Acta Aquatica Turcica,2651-5474,15-April-2024,Website URL no longer works
"Revista de Sistemas, Cibernética e Informática ",1690-8627,15-April-2024,Inactive (has not published in the last calendar year)
Irish Journal of Paramedicine,2009-938X,15-April-2024,Ceased publishing
Agenda Política ,2318-8499,14-April-2024,Website URL no longer works
Ensaios Pedagógicos,2527-158X,14-April-2024,Website URL no longer works
GESTÃO.Org : Revista Eletrônica de Gestão Organizacional,1679-1827,14-April-2024,Website URL no longer works
Revista Brasileira de Geografia Física,1984-2295,14-April-2024,Website URL no longer works
Journal of Hyperspectral Remote Sensing,2237-2202,14-April-2024,Website URL no longer works
Tópicos Educacionais,0101-8701,14-April-2024,Website URL no longer works
Linguagem & Ensino,1983-2400,14-April-2024,Website URL no longer works
Caletroscópio,2318-4574,14-April-2024,Website URL no longer works
Territórios e Fronteiras ,1519-4183,14-April-2024,Website URL no longer works
Linguagem: Estudos e Pesquisas,1519-6240 ,14-April-2024,Website URL no longer works
Revista Exitus,2236-2983,14-April-2024,Website URL no longer works
Revelli ,1984-6576,14-April-2024,Website URL no longer works
Revista Mediação,1980-556X,14-April-2024,Website URL no longer works
Publif@rum,1824-7482,13-April-2024,Journal not adhering to Best practice
Journal of Social and Policy Issues ,2807-3843,12-April-2024,Journal not adhering to Best practice
Journal of Intelligent Procedures in Electrical Technology,2322-3871,11-April-2024,Website URL no longer works
Journal of Advances in Vehicle Engineering,2423-7345,11-April-2024,Website URL no longer works
Jurnal Meteorologi dan Geofisika,2527-5372,11-April-2024,Website URL no longer works
Gandhara Journal of Research in Social Science,2415-2404,11-April-2024,Website URL no longer works
Revista Educação em Questão,0102-7735,11-April-2024,Journal not adhering to Best practice
Codex: Revista de Estudos Clássicos,2176-1779,11-April-2024,Journal not adhering to Best practice
Revista Brasileira de Engenharia Agrícola e Ambiental - Agriambi,1415-4366,11-April-2024,Journal not adhering to Best practice
Sociopoética,1980-7848,10-April-2024,Website URL no longer works
Revista Eletrônica de Estratégia e Negócios,1984-3372,10-April-2024,Website URL no longer works
Journal of Applied Bioanalysis,2405-710X,10-April-2024,Journal not adhering to Best practice
Development Engineering,2352-7285,10-April-2024,Ceased publishing
Journal of Computational Physics: X,2666-8289,10-April-2024,Ceased publishing
International Journal of Pediatrics and Adolescent Medicine,2352-6467,10-April-2024,Ceased publishing
Physics in Medicine,2352-4510,10-April-2024,Ceased publishing
Egyptian Journal of Petroleum,1110-0621,10-April-2024,Ceased publishing
Results in Geochemistry ,2666-2779,10-April-2024,Ceased publishing
Graphics and Visual Computing ,2666-6294,10-April-2024,Ceased publishing
Results in Geophysical Sciences,2666-8289,10-April-2024,Ceased publishing
Clinical Spectroscopy,2666-0547,10-April-2024,Ceased publishing
JRSM Cardiovascular Disease,2048-0040,10-April-2024,Journal is no longer Open Access
Clinical Medicine Insights: Pediatrics,1179-5565,10-April-2024,Journal is no longer Open Access
Clinical Medicine Insights: Arthritis and Musculoskeletal Disorders ,1179-5441,10-April-2024,Journal is no longer Open Access
Cadernos de Terapia Ocupacional,0104-4931,9-April-2024,Journal not adhering to Best practice
Egyptian Rheumatologist,1110-1164,9-April-2024,Journal is no longer Open Access
La camera blu,2531-6605,8-April-2024,Website URL no longer works
"Matemáticas, Educación y Sociedad",2603-9982,8-April-2024,Journal not adhering to Best practice
Revista Chapingo: Serie Ciencias Forestales y del Ambiente,2007-4018,8-April-2024,Journal not adhering to Best practice
Secuencia. Revista de Historia y Ciencias sociales,2395-8464,8-April-2024,Journal not adhering to Best practice
Revista Internacional de Doctrina y Jurisprudencia,2255-1824,8-April-2024,Journal not adhering to Best practice
Anuario TAREA,2469-0422,8-April-2024,Journal not adhering to Best practice
Revista Reflexiones,1659-2859,8-April-2024,Journal not adhering to Best practice
Journal of Childhood Education,2620-3278,8-April-2024,Journal not adhering to Best practice
International Journal of Automotive and Mechanical Engineering,2180-1606,7-April-2024,Website URL no longer works
International Journal of Software Engineering and Computer Systems,2180-0650,7-April-2024,Website URL no longer works
Knowbase,2797-7501,7-April-2024,Website URL no longer works
TRIA: Territorio della Ricerca su Insediamenti e Ambiente,1974-6849,7-April-2024,Website URL no longer works
Revista de Educación de la Universidad de Granada,0214-0489,7-April-2024,Website URL no longer works
Jurnal Educative: Journal of Educational Studies,2549-4139,7-April-2024,Journal not adhering to Best practice
Jurnal Fuaduna,2614-8129,7-April-2024,Journal not adhering to Best practice
Islam Transformatif: Journal of Islamic Studies,2599-2171,7-April-2024,Journal not adhering to Best practice
Journal of Postgraduate Medicine,0972-2823,6-April-2024,Journal is no longer Open Access
Dimensiones Turísticas,2594-2069,5-April-2024,Journal not adhering to Best practice
Espacios en Blanco: Serie Indagaciones,2313-9927,5-April-2024,Journal not adhering to Best practice
Journal of Epidemiology and Public Health,2549-0273,5-April-2024,Journal not adhering to Best practice
Journal of Health Policy and Management,2549-0281,5-April-2024,Journal not adhering to Best practice
Indonesian Journal of Medicine,2549-0265,5-April-2024,Journal not adhering to Best practice
Jurnal Peternakan,2355-9470,5-April-2024,Journal not adhering to Best practice
Alsuna,2615-0905,5-April-2024,Journal not adhering to Best practice
ICCT Research Papers,2468-0664,4-April-2024,Website URL no longer works
Atthulab: Islamic Religion Teaching and Learning Journal,2598-0971,4-April-2024,Journal not adhering to Best practice
Islam Realitas: Journal of Islamic & Social Studies,2477-1201,4-April-2024,Website URL no longer works
Revista Cubana de Medicina Intensiva y Emergencias ,1810-2352,4-April-2024,Ceased publishing
Revista Electrónica Formación y Calidad Educativa,1390-9010,3-April-2024,Website URL no longer works
En Torno a la Prevención ,2215-3845,3-April-2024,Website URL no longer works
Crop Breeding and Applied Biotechnology,1984-7033,3-April-2024,Journal not adhering to Best practice
Revista Brasileira de Ciências Policiais,2318-6917,3-April-2024,Website URL no longer works
Cadernos Brasileiros de Terapia Ocupacional,2526-8910,2-April-2024,Journal not adhering to Best practice
Süleyman Demirel Üniversitesi Fen Bilimleri Enstitüsü Dergisi,1308-6529,2-April-2024,Journal not adhering to Best practice
Urbe : Revista Brasileira de Gestão Urbana,2175-3369,2-April-2024,Journal not adhering to Best practice
IPTEK: The Journal for Technology and Science,2088-2033,2-April-2024,Website URL no longer works
Jurnal Teknik Sipil,2502-5295,2-April-2024,Website URL no longer works
Journal of Veterinary Andrology,2542-3045,2-April-2024,Website URL no longer works
Jurnal Promosi Program Studi Pendidikan Ekonomi ,2442-9449,2-April-2024,Journal not adhering to Best practice
Journal of Information Systems Engineering & Management,2468-4376,2-April-2024,Journal not adhering to Best practice
Spektra: Jurnal Kajian Pendidikan Sains,2548-642X,1-April-2024,Website URL no longer works
Jurnal Penyakit Dalam Indonesia,2549-0621,1-April-2024,Website URL no longer works
Jurnal Penelitian Kehutanan Wallacea,2407-7860,1-April-2024,Website URL no longer works
Jurnal Kefarmasian Indonesia,2354-8770,1-April-2024,Website URL no longer works
Advanced Journal of Emergency Medicine,2588-400X,31-March-2024,Website URL no longer works
Wartazoa,2354-6832,31-March-2024,Website URL no longer works
Jurnal Ilmu Ternak dan Veteriner,0853-7380,31-March-2024,Website URL no longer works
Buletin Penelitian Tanaman Rempah dan Obat,0215-0824,31-March-2024,Website URL no longer works
Revista Iberoamericana de Argumentación,2172-8801,31-March-2024,Website URL no longer works
IUS ET SCIENTIA,2444-8478,31-March-2024,Website URL no longer works
3C TIC,2254-6529,31-March-2024,Website URL no longer works
Güncel Turizm Araştırmaları Dergisi,2602-3008,29-March-2024,Journal not adhering to Best practice
3C Empresa,2254-3376,28-March-2024,Website URL no longer works
Revista Controle,1980-086X,28-March-2024,Website URL no longer works
Izvestiâ Uralʹskogo Gosudarstvennogo Gornogo Universiteta,2307-2091,28-March-2024,Website URL no longer works
Систематические заметки по материалам гербария имени П.Н. Крылова Томского государственного университета,2076-4103,27-March-2024,Website URL no longer works
"Известия Сибирского отделения секции наук о Земле Российской академии естественных наук: Геология, разведка и разработка месторождений полезных ископаемых",2541-9455,27-March-2024,Website URL no longer works
Неофилология,2587-6953,27-March-2024,Website URL no longer works
Вестник Института социологии,2221-1616,27-March-2024,Website URL no longer works
Вектор ГеоНаук,2619-0761,27-March-2024,Website URL no longer works
Studii Juridice Universitare,1857-4122,27-March-2024,Website URL no longer works
Sustainability,2071-1050,26-March-2024,Journal not adhering to Best practice
Translational Metabolic Syndrome Research,2588-9303,26-March-2024,Ceased publishing
Solid State Electronics Letters,2589-2088,26-March-2024,Ceased publishing
Gynecology and Obstetrics Clinical Medicine,2667-1646,26-March-2024,Website URL no longer works
He huaxue yu fangshe huaxue,0253-9950,26-March-2024,Website URL no longer works
International Electronic Journal of Algebra,1306-6048,26-March-2024,Journal not adhering to Best practice
Kliničeskaâ onkogematologiâ,1997-6933,26-March-2024,Journal not adhering to Best practice
Revista de Gestão Ambiental e Sustentabilidade,2316-9834,25-March-2024,Journal not adhering to Best practice
Yachana,1390-7778,25-March-2024,Journal not adhering to Best practice
Muhasebe ve Finans İncelemeleri Dergisi,2630-5836,25-March-2024,Journal not adhering to Best practice
Journal of Algebra Combinatorics Discrete Structures and Applications,2148-838X,25-March-2024,Journal not adhering to Best practice
Revista Electrónica de Investigación en Educación en Ciencias,1850-6666,24-March-2024,Website URL no longer works
Journal of Research in Engineering and Applied Sciences,2456-6403,24-March-2024,Website URL no longer works
Revista Abierta de Informática Aplicada,2591-5320,24-March-2024,Website URL no longer works
Cuadernos de Herpetología,1852-5768,24-March-2024,Website URL no longer works
URBS: Revista de Estudios Urbanos y Ciencias Sociales,2014-2714,24-March-2024,Website URL no longer works
Artseduca,2254-0709,24-March-2024,Website URL no longer works
Estudos de Linguistica Galega,1989-578X,24-March-2024,Website URL no longer works
Temas Americanistas,0212-4408,24-March-2024,Website URL no longer works
Quiroga,2254-7037,24-March-2024,Website URL no longer works
"Uluslararası Spor, Egzersiz ve Antrenman Bilimi Dergisi",2149-8229,24-March-2024,Journal not adhering to Best practice
Papeles de Trabajo,1851-2577,23-March-2024,Website URL no longer works
RESEARCH TRENDS IN HUMANITIES,2284-0184,23-March-2024,Website URL no longer works
International Journal of Geography and Geography Education,2630-6336,23-March-2024,Journal not adhering to Best practice
International Journal of Cancer Therapy and Oncology,2330-4049,23-March-2024,Website URL no longer works
Statistics in Transition,1234-7655,23-March-2024,Website URL no longer works
"UPLanD: Journal of Urban Planning, Landscape & Environmental Design",2531-9906,22-March-2024,Website URL no longer works
Gastrointestinal Tumors ,2296-3766,22-March-2024,Ceased publishing
Pretexto,1517-672X,21-March-2024,Journal not adhering to Best practice
Geografija ir Edukacija,2351-6453,21-March-2024,Journal not adhering to Best practice
Journal of Innovation and Research in Primary Education,2829-775X,21-March-2024,Journal not adhering to Best practice
Indonesian Journal of Education and Social Science,2830-6996,21-March-2024,Journal not adhering to Best practice
Edukasiana,2809-6770,21-March-2024,Journal not adhering to Best practice
"Scientific Journal of Cahul ""Bogdan Petriceicu Hasdeu"" State University: Economic & Engineering Studies",2587-313X,20-March-2024,Website URL no longer works
Revistă de Ştiinţe Socio-Umane,1857-0119,20-March-2024,Website URL no longer works
Revista Constituição e Garantia de Direitos,1982-310X,20-March-2024,Journal not adhering to Best practice
Práxis Educacional,1809-0249,20-March-2024,Journal not adhering to Best practice
Advanced Qualitative Research,2986-3090,20-March-2024,Journal not adhering to Best practice
Inclusive Society and Sustainability Studies,2807-9663,20-March-2024,Journal not adhering to Best practice
Applied Quantitative Analysis,2808-4934,20-March-2024,Journal not adhering to Best practice
Logistic and Operation Management Research,2830-2680,20-March-2024,Journal not adhering to Best practice
Organization and Human Capital Development,2829-758X,20-March-2024,Journal not adhering to Best practice
"International Journal of Entrepreneurship, Business, and Creative Economy",2775-3085,20-March-2024,Journal not adhering to Best practice
Journal of English as a Foreign Language Teaching and Research,2776-4184,20-March-2024,Journal not adhering to Best practice
International Journal of Entrepreneurship and Sustainability Studies,2807-1778,20-March-2024,Journal not adhering to Best practice
Journal of Governance Risk Management Compliance and Sustainability,2776-9658,20-March-2024,Journal not adhering to Best practice
International Journal of Emerging Issues in Islamic Studies ,2807-2049,20-March-2024,Journal not adhering to Best practice
Tourism and Sustainable Development Review,2722-2152,20-March-2024,Journal not adhering to Best practice
"International Journal of Management, Entrepreneurship, Social Science and Humanities (IJMESH) ",2580-0981,20-March-2024,Journal not adhering to Best practice
International Journal of Emerging Issues in Early Childhood Education ,2685-4074,20-March-2024,Journal not adhering to Best practice
Innovaciones de Negocios,2007-1191,19-March-2024,Journal not adhering to Best practice
Debate Universitario,2314-1530,19-March-2024,Journal not adhering to Best practice
"Media Riset Akuntansi, Auditing & Informasi",2442-9708,19-March-2024,Journal not adhering to Best practice
Empati,2829-1859,19-March-2024,Journal not adhering to Best practice
 Cakrawala: Jurnal Studi Islam ,2550-0880,18-March-2024,Journal not adhering to Best practice
Liberal Arts and Social Sciences International Journal,2664-8148,18-March-2024,Journal not adhering to Best practice
Ufuq-i Dānish,2252-0805,18-March-2024,Ceased publishing
Pamukkale Üniversitesi Eğitim Fakültesi Dergisi,1309-0275,16-March-2024,Journal not adhering to Best practice
Turkish Journal of Kinesiology,2459-0134,16-March-2024,Journal not adhering to Best practice
Journal of Multidisciplinary Modeling and Optimization,2645-923X,16-March-2024,Journal not adhering to Best practice
Journal of Multidisciplinary Modeling and Optimization,1306-7850,16-March-2024,Journal not adhering to Best practice
İşletme Ekonomi ve Yönetim Araştırmaları Dergisi,2618-6195,16-March-2024,Journal not adhering to Best practice
IBJ Clinical Pharmacology,2530-4984,15-March-2024,Ceased publishing
Resource-Efficient Technologies,2405-6537,14-March-2024,Ceased publishing
Türkiye İletişim Araştırmaları Dergisi,2630-6220,14-March-2024,Journal not adhering to Best practice
Erciyes Journal of Education,2602-3512,14-March-2024,Journal not adhering to Best practice
ESTUDIO,1647-7316,13-March-2024,Website URL no longer works
Jurnal Teknik Sipil,2502-5295,13-March-2024,Journal not adhering to Best practice
Jurnal Wasian,2502-5198,12-March-2024,Website URL no longer works
Elementary School Journal PGSD FIP UNIMED,2355-1747,12-March-2024,Journal not adhering to Best practice
Jurnal Islam Nusantara,2579-3756,11-March-2024,Website URL no longer works
Türk Kütüphaneciliği,1300-0039,11-March-2024,Journal not adhering to Best practice
The International Journal of Creative Media Research,2631-6773,11-March-2024,Website URL no longer works
Acta Scientiarum Polonorum. Oeconomia,2450-047X,10-March-2024,Website URL no longer works
Sofia,2317-2339,10-March-2024,Website URL no longer works
Iraqi Journal of Public Health,2521-7267,10-March-2024,Journal not adhering to Best practice
Keguru: Jurnal Ilmu Pendidikan Dasar,2579-9886,9-March-2024,Website URL no longer works
Azarian Journal of Agriculture,2383-4420,9-March-2024,Website URL no longer works
Jurnal Islam Nusantara,2579-3756,9-March-2024,Website URL no longer works
Jurnal Manajemen dan Pemasaran Jasa ,2442-9732,8-March-2024,Journal not adhering to Best practice
Amasya İlahiyat Dergisi,2667-6710,7-March-2024,Journal not adhering to Best practice
S: Journal of the Circle for Lacanian Ideology Critique,1874-9062,7-March-2024,Journal not adhering to Best practice
Cuaderno Juridicio y Politico,2414-4428,7-March-2024,Website URL no longer works
Encuentro,2220-7112,7-March-2024,Website URL no longer works
Bartın Orman Fakültesi Dergisi,1302-0943,7-March-2024,Journal not adhering to Best practice
"The Turkish Online Journal of Design, Art and Communication",2146-5193,7-March-2024,Journal not adhering to Best practice
Cerebral Cortex Communications,2632-7376,6-March-2024,Ceased publishing
Smart Homecare Technology and TeleHealth,2253-1564,5-March-2024,Ceased publishing
Reports in Medical Imaging,1179-1586,5-March-2024,Ceased publishing
Tarih Kültür ve Sanat Araştırmaları Dergisi,2147-0626,5-March-2024,Website URL no longer works
Archives of Clinical and Experimental Medicine,2564-6567,5-March-2024,Ceased publishing
Turkish Journal of Giftedness and Education,2146-3832,5-March-2024,Website URL no longer works
Journal of Chemical Health Risks,2251-6719,5-March-2024,Journal not adhering to Best practice
Kimün. Revista Interdisciplinaria de Formación Docente,2469-066X,4-March-2024,Journal not adhering to Best practice
Coordenadas: Revista de Historia Local y Regional,2362-4752,4-March-2024,Journal not adhering to Best practice
Administory ,2519-1187,4-March-2024,Inactive (has not published in the last calendar year)
ECCOM,2177-5087,1-March-2024,Ceased publishing
Journal of Business Accounting and Finance Perspectives,2603-7475,29-February-2024,Ceased publishing
Nacameh,2007-0373,29-February-2024,Ceased publishing
Revista Eletrônica de Educação do Norte de Mato Grosso ,2448-3192,29-February-2024,Website URL no longer works
Revista Española de Investigaciones Sociológicas,0210-5233,28-February-2024,Website URL no longer works
Žmogus ir Žodis,1392-8600,27-February-2024,Website URL no longer works
"Stato, Chiese e Pluralismo Confessionale",1971-8543,27-February-2024,Journal not adhering to Best practice
Revista Cimexus,2007-9206,27-February-2024,Website URL no longer works
Nature: National Academic Journal of Architecture,2579-4809,27-February-2024,Journal not adhering to Best practice
Pakistan Heart Journal,2227-9199,27-February-2024,Incorrect Website URL
پژوهش‌نامه حقوق اسلامی (پیوسته),2588-6673,27-February-2024,Website URL no longer works
Jurnal Pendidikan Fisika,2301-7651,26-February-2024,Journal not adhering to Best practice
Communicata,2822-3713,24-February-2024,Journal not adhering to Best practice
Revista de Ingeniería de Construcción,0718-5073,22-February-2024,Journal not adhering to Best practice
EB (Economics Bosowa),2477-0655,22-February-2024,Website URL no longer works
Ömer Halisdemir Üniversitesi İktisadi ve İdari Bilimler Fakültesi Dergisi,2564-6931,22-February-2024,Website URL no longer works
Cosmos and History : the Journal of Natural and Social Philosophy,1832-9101,21-February-2024,Website URL no longer works
"International Conference on Economics, Education, Business, and Accounting",2549-3205,21-February-2024,Ceased publishing
People Living with And Inspired by Diabetes,2374-4669,21-February-2024,Ceased publishing
Arsiv Kaynak Tarama Dergisi,1300-3755,20-February-2024,Website URL no longer works
Bilişsel Davranışçı Psikoterapi Araştırmalar Dergisi,2146-9490,19-February-2024,Journal not adhering to Best practice
Atatürk Dergisi,1302-7549,19-February-2024,Journal not adhering to Best practice
Information Bulletin on Variable Stars ,1587-2440,19-February-2024,Ceased publishing
International Journal of Information Security Science,2147-0030,18-February-2024,Website URL no longer works
Journal of Measurement and Evaluation in Education and Psychology,1309-6575,18-February-2024,Website URL no longer works
TWMS Journal of Applied and Engineering Mathematics,2146-1147,18-February-2024,Journal not adhering to Best practice
Anadolu University Journal of Science and Technology. A : Applied Sciences and Engineering,2146-0205,18-February-2024,Website URL no longer works
Kalemisi Dergisi,2148-046X,18-February-2024,Journal not adhering to Best practice
Ulakbilge Sosyal Bilimler Dergisi,2148-0451,18-February-2024,Journal not adhering to Best practice
Anadolu University Journal of Science and Technology - C Life Sciences and Biotechnology,2667-4203,18-February-2024,Website URL no longer works
Žmogus ir Žodis,1392-8600,18-February-2024,Website URL no longer works
Higher Education and Oriental Studies,2785-9118,17-February-2024,Website URL no longer works
Revista Cocar,1981-9269,16-February-2024,Website URL no longer works
Revista Ribanceira,2318-9746,16-February-2024,Website URL no longer works
Translational Research in Oral Oncology ,2057-178X,16-February-2024,Changed publisher but hasn't supplied new URLs/site
Journal of Ocean and Climate,2516-0192,16-February-2024,Ceased publishing
Journal of Concussion ,2059-7002,16-February-2024,Ceased publishing
Clinical Medicine Insights: Psychiatry ,1179-5573,16-February-2024,Ceased publishing
Infectious Diseases,1178-6337,16-February-2024,Ceased publishing
مدیریت سلامت,2008-1219,15-February-2024,Journal not adhering to Best practice
"International Journal of Health, Animal Science and Food Safety",2283-3927,15-February-2024,Ceased publishing
Gene and Genome Editing ,2666-3880,15-February-2024,Ceased publishing
Organs-on-a-Chip,2666-1020,15-February-2024,Ceased publishing
Current Research in Chemical Biology ,2666-2469,15-February-2024,Ceased publishing
Medical Journal of Indonesia,2252-8083,15-February-2024,Journal not adhering to Best practice
İnsan & Toplum,2602-2745,13-February-2024,Journal not adhering to Best practice
International Journal of Contemporary Tourism Research,2587-1528,12-February-2024,Journal not adhering to Best practice
Sanat Eğitimi Dergisi,2147-8007,12-February-2024,Journal not adhering to Best practice
Gazi Osman Paşa Üniversitesi Ziraat Fakültesi Dergisi,2147-8848,12-February-2024,Journal not adhering to Best practice
PhytoChem & BioSub Journal,2170-1768,10-February-2024,Website URL no longer works
Gilgameš,2531-9515,10-February-2024,Ceased publishing
Schermi,2532-2486,10-February-2024,Ceased publishing
"International Journal of Educational Review, Law and Social Sciences",2808-487X,9-February-2024,Journal not adhering to Best practice
Bisanzio e l'Occidente,2611-9870,8-February-2024,Ceased publishing
Anatolian Bryology,2458-8474,8-February-2024,Journal not adhering to Best practice
İşletme Araştırmaları Dergisi,1309-0712,8-February-2024,Journal not adhering to Best practice
Indonesia Journal of Biomedical Science,2302-2906,7-February-2024,Journal not adhering to Best practice
Revista Brasileira de Economia,0034-7140,7-February-2024,Journal not adhering to Best practice
Research in Applied Mathematics,2357-0482,6-February-2024,Ceased publishing
المجلة الدولية لتطوير التفوق,2415-4563,6-February-2024,Ceased publishing
South African Crime Quarterly,1991-3877,6-February-2024,Ceased publishing
Revista Internacional de Derecho Romano,1989-1970,6-February-2024,Journal not adhering to Best practice
Maqolat,2985-5829,5-February-2024,Journal not adhering to Best practice
Competitive,2964-2345,5-February-2024,Journal not adhering to Best practice
Justices,2964-5107,5-February-2024,Journal not adhering to Best practice
EnJourMe,2502-5740,1-February-2024,Journal not adhering to Best practice
Jurnal Pengolahan Hasil Perikanan Indonesia ,2354-886X,1-February-2024,Journal not adhering to Best practice
Nuclear Receptor Research,2314-5706,1-February-2024,Ceased publishing
Egyptian Journal of Basic and Clinical Pharmacology,2090-7222,1-February-2024,Website URL no longer works